{
  "Create_Order-0" : {
    "transaction" : "Create_Order-0",
    "sampleCount" : 20,
    "errorCount" : 0,
    "errorPct" : 0.0,
    "meanResTime" : 917.65,
    "medianResTime" : 735.0,
    "minResTime" : 618.0,
    "maxResTime" : 2588.0,
    "pct1ResTime" : 2099.800000000002,
    "pct2ResTime" : 2568.1499999999996,
    "pct3ResTime" : 2588.0,
    "throughput" : 2.703433360367667,
    "receivedKBytesPerSec" : 2.5480651442957556,
    "sentKBytesPerSec" : 31.325638052514194
  },
  "Create_Order-1" : {
    "transaction" : "Create_Order-1",
    "sampleCount" : 20,
    "errorCount" : 0,
    "errorPct" : 0.0,
    "meanResTime" : 351.45000000000005,
    "medianResTime" : 332.0,
    "minResTime" : 289.0,
    "maxResTime" : 650.0,
    "pct1ResTime" : 394.70000000000005,
    "pct2ResTime" : 637.3499999999998,
    "pct3ResTime" : 650.0,
    "throughput" : 3.114779629341224,
    "receivedKBytesPerSec" : 2.8679394272698957,
    "sentKBytesPerSec" : 2.132285664226756
  },
  "Total" : {
    "transaction" : "Total",
    "sampleCount" : 200,
    "errorCount" : 0,
    "errorPct" : 0.0,
    "meanResTime" : 5968.915000000002,
    "medianResTime" : 955.0,
    "minResTime" : 154.0,
    "maxResTime" : 29104.0,
    "pct1ResTime" : 23240.1,
    "pct2ResTime" : 28548.649999999994,
    "pct3ResTime" : 28953.31,
    "throughput" : 6.399385658976739,
    "receivedKBytesPerSec" : 88.67617458723963,
    "sentKBytesPerSec" : 22.02588551499056
  },
  "Create_Patient" : {
    "transaction" : "Create_Patient",
    "sampleCount" : 20,
    "errorCount" : 0,
    "errorPct" : 0.0,
    "meanResTime" : 27445.850000000002,
    "medianResTime" : 28356.5,
    "minResTime" : 22577.0,
    "maxResTime" : 29104.0,
    "pct1ResTime" : 28947.1,
    "pct2ResTime" : 29096.5,
    "pct3ResTime" : 29104.0,
    "throughput" : 0.6806656910458428,
    "receivedKBytesPerSec" : 42.07268419451724,
    "sentKBytesPerSec" : 2.129705899244461
  },
  "Login" : {
    "transaction" : "Login",
    "sampleCount" : 20,
    "errorCount" : 0,
    "errorPct" : 0.0,
    "meanResTime" : 1130.1999999999998,
    "medianResTime" : 1075.0,
    "minResTime" : 931.0,
    "maxResTime" : 2000.0,
    "pct1ResTime" : 1377.3000000000004,
    "pct2ResTime" : 1969.6499999999996,
    "pct3ResTime" : 2000.0,
    "throughput" : 9.765625,
    "receivedKBytesPerSec" : 54.790496826171875,
    "sentKBytesPerSec" : 17.66204833984375
  },
  "Login-0" : {
    "transaction" : "Login-0",
    "sampleCount" : 20,
    "errorCount" : 0,
    "errorPct" : 0.0,
    "meanResTime" : 600.4,
    "medianResTime" : 586.5,
    "minResTime" : 503.0,
    "maxResTime" : 755.0,
    "pct1ResTime" : 732.5,
    "pct2ResTime" : 753.9499999999999,
    "pct3ResTime" : 755.0,
    "throughput" : 26.281208935611037,
    "receivedKBytesPerSec" : 18.95763181668857,
    "sentKBytesPerSec" : 16.887729960578188
  },
  "Create_Patient-1" : {
    "transaction" : "Create_Patient-1",
    "sampleCount" : 20,
    "errorCount" : 0,
    "errorPct" : 0.0,
    "meanResTime" : 22287.4,
    "medianResTime" : 22713.0,
    "minResTime" : 19188.0,
    "maxResTime" : 23334.0,
    "pct1ResTime" : 23240.1,
    "pct2ResTime" : 23329.35,
    "pct3ResTime" : 23334.0,
    "throughput" : 0.7686395080707148,
    "receivedKBytesPerSec" : 46.9649623486741,
    "sentKBytesPerSec" : 0.46538720215219065
  },
  "Login-1" : {
    "transaction" : "Login-1",
    "sampleCount" : 20,
    "errorCount" : 0,
    "errorPct" : 0.0,
    "meanResTime" : 298.65,
    "medianResTime" : 238.5,
    "minResTime" : 154.0,
    "maxResTime" : 1255.0,
    "pct1ResTime" : 365.9000000000001,
    "pct2ResTime" : 1210.7499999999993,
    "pct3ResTime" : 1255.0,
    "throughput" : 15.232292460015232,
    "receivedKBytesPerSec" : 10.54285867288652,
    "sentKBytesPerSec" : 8.895420792079209
  },
  "Create_Order" : {
    "transaction" : "Create_Order",
    "sampleCount" : 20,
    "errorCount" : 0,
    "errorPct" : 0.0,
    "meanResTime" : 1269.2999999999997,
    "medianResTime" : 1068.5,
    "minResTime" : 908.0,
    "maxResTime" : 2914.0,
    "pct1ResTime" : 2497.800000000001,
    "pct2ResTime" : 2896.35,
    "pct3ResTime" : 2914.0,
    "throughput" : 2.5974025974025974,
    "receivedKBytesPerSec" : 4.839691558441558,
    "sentKBytesPerSec" : 31.8751268262987
  },
  "Login-2" : {
    "transaction" : "Login-2",
    "sampleCount" : 20,
    "errorCount" : 0,
    "errorPct" : 0.0,
    "meanResTime" : 230.8,
    "medianResTime" : 223.5,
    "minResTime" : 182.0,
    "maxResTime" : 299.0,
    "pct1ResTime" : 271.0,
    "pct2ResTime" : 297.59999999999997,
    "pct3ResTime" : 299.0,
    "throughput" : 14.749262536873156,
    "receivedKBytesPerSec" : 61.903691924778755,
    "sentKBytesPerSec" : 8.584531710914455
  },
  "Create_Patient-0" : {
    "transaction" : "Create_Patient-0",
    "sampleCount" : 20,
    "errorCount" : 0,
    "errorPct" : 0.0,
    "meanResTime" : 5157.450000000001,
    "medianResTime" : 5443.5,
    "minResTime" : 3360.0,
    "maxResTime" : 6687.0,
    "pct1ResTime" : 6537.9,
    "pct2ResTime" : 6679.65,
    "pct3ResTime" : 6687.0,
    "throughput" : 2.796029637914162,
    "receivedKBytesPerSec" : 1.9842526737033415,
    "sentKBytesPerSec" : 7.055469514539355
  }
}